t,degree,freq
0.014053858896169927,0,98
0.014053858896169927,1,2
0.05765111011198771,0,96
0.05765111011198771,1,4
0.06870941641356051,0,94
0.06870941641356051,1,6
0.08319525909415403,0,92
0.08319525909415403,1,8
0.10489061164864998,0,90
0.10489061164864998,1,10
0.11848952974480101,0,88
0.11848952974480101,1,12
0.1238162586906316,0,86
0.1238162586906316,1,14
0.12442798904905239,0,84
0.12442798904905239,1,16
0.14374641854219616,0,82
0.14374641854219616,1,18
0.14906366711606037,0,80
0.14906366711606037,1,20
0.15846593712963813,0,78
0.15846593712963813,1,22
0.1947936730583808,0,77
0.1947936730583808,1,22
0.1947936730583808,2,1
0.2271734520351908,0,77
0.2271734520351908,1,20
0.2271734520351908,2,3
0.22885347514992888,0,75
0.22885347514992888,1,22
0.22885347514992888,2,3
0.2620837819074449,0,74
0.2620837819074449,1,22
0.2620837819074449,2,4
0.3428296396422302,0,76
0.3428296396422302,1,20
0.3428296396422302,2,4
0.3671622467563818,0,74
0.3671622467563818,1,22
0.3671622467563818,2,4
0.38822900577084457,0,72
0.38822900577084457,1,24
0.38822900577084457,2,4
0.40386495308405973,0,70
0.40386495308405973,1,26
0.40386495308405973,2,4
0.46678530281110003,0,68
0.46678530281110003,1,28
0.46678530281110003,2,4
0.47271280812995314,0,66
0.47271280812995314,1,30
0.47271280812995314,2,4
0.4929780046983674,0,64
0.4929780046983674,1,32
0.4929780046983674,2,4
0.4973754879962675,0,63
0.4973754879962675,1,32
0.4973754879962675,2,5
0.503208493637991,0,61
0.503208493637991,1,34
0.503208493637991,2,5
0.5206547709833068,0,59
0.5206547709833068,1,36
0.5206547709833068,2,5
0.5307977601042495,0,58
0.5307977601042495,1,36
0.5307977601042495,2,6
0.5379854051000661,0,56
0.5379854051000661,1,38
0.5379854051000661,2,6
0.6348934289038902,0,55
0.6348934289038902,1,38
0.6348934289038902,2,7
0.6385064421547114,0,54
0.6385064421547114,1,38
0.6385064421547114,2,8
0.6621877362680124,0,53
0.6621877362680124,1,38
0.6621877362680124,2,9
0.6688344817144065,0,51
0.6688344817144065,1,40
0.6688344817144065,2,9
0.7130085729454299,0,49
0.7130085729454299,1,42
0.7130085729454299,2,9
0.7158885406383794,0,48
0.7158885406383794,1,42
0.7158885406383794,2,10
0.7455017712919845,0,48
0.7455017712919845,1,42
0.7455017712919845,2,10
0.76005694552086,0,46
0.76005694552086,1,44
0.76005694552086,2,10
0.7708222474978251,0,45
0.7708222474978251,1,44
0.7708222474978251,2,11
0.778789383178703,0,44
0.778789383178703,1,44
0.778789383178703,2,12
0.8892409558697807,0,43
0.8892409558697807,1,44
0.8892409558697807,2,13
0.89438823600452,0,41
0.89438823600452,1,46
0.89438823600452,2,13
0.8978727131230108,0,39
0.8978727131230108,1,48
0.8978727131230108,2,13
0.9098286910816704,0,38
0.9098286910816704,1,48
0.9098286910816704,2,14
0.9272521877278218,0,36
0.9272521877278218,1,50
0.9272521877278218,2,14
0.9677874112532642,0,35
0.9677874112532642,1,50
0.9677874112532642,2,15
0.9701262397351919,0,35
0.9701262397351919,1,49
0.9701262397351919,2,15
0.9701262397351919,3,1
1.00030779627112,0,34
1.00030779627112,1,49
1.00030779627112,2,16
1.00030779627112,3,1
1.0317552524867377,0,34
1.0317552524867377,1,49
1.0317552524867377,2,16
1.0317552524867377,3,1
1.038489992164741,0,32
1.038489992164741,1,51
1.038489992164741,2,16
1.038489992164741,3,1
1.047515988243664,0,30
1.047515988243664,1,53
1.047515988243664,2,16
1.047515988243664,3,1
1.0532019004255369,0,29
1.0532019004255369,1,53
1.0532019004255369,2,17
1.0532019004255369,3,1
1.0601972649998659,0,28
1.0601972649998659,1,53
1.0601972649998659,2,18
1.0601972649998659,3,1
1.1081134606243057,0,30
1.1081134606243057,1,51
1.1081134606243057,2,18
1.1081134606243057,3,1
1.121000052653965,0,29
1.121000052653965,1,51
1.121000052653965,2,19
1.121000052653965,3,1
1.1380825370672136,0,28
1.1380825370672136,1,51
1.1380825370672136,2,20
1.1380825370672136,3,1
1.1489958538570608,0,28
1.1489958538570608,1,49
1.1489958538570608,2,22
1.1489958538570608,3,1
1.239570805469309,0,30
1.239570805469309,1,47
1.239570805469309,2,22
1.239570805469309,3,1
1.2518619494947467,0,29
1.2518619494947467,1,47
1.2518619494947467,2,23
1.2518619494947467,3,1
1.2719495705376362,0,28
1.2719495705376362,1,48
1.2719495705376362,2,22
1.2719495705376362,3,2
1.3288574673522418,0,28
1.3288574673522418,1,46
1.3288574673522418,2,24
1.3288574673522418,3,2
1.3367403669009479,0,26
1.3367403669009479,1,48
1.3367403669009479,2,24
1.3367403669009479,3,2
1.3380241914568352,0,25
1.3380241914568352,1,48
1.3380241914568352,2,25
1.3380241914568352,3,2
1.343383902962391,0,24
1.343383902962391,1,48
1.343383902962391,2,26
1.343383902962391,3,2
1.387236143030798,0,23
1.387236143030798,1,48
1.387236143030798,2,27
1.387236143030798,3,2
1.3971215590538617,0,23
1.3971215590538617,1,46
1.3971215590538617,2,29
1.3971215590538617,3,2
1.3986822248442743,0,22
1.3986822248442743,1,47
1.3986822248442743,2,28
1.3986822248442743,3,3
1.3987969943918785,0,21
1.3987969943918785,1,47
1.3987969943918785,2,29
1.3987969943918785,3,3
1.4178854376469714,0,21
1.4178854376469714,1,46
1.4178854376469714,2,29
1.4178854376469714,3,4
1.4325574060705881,0,19
1.4325574060705881,1,48
1.4325574060705881,2,29
1.4325574060705881,3,4
1.4409247265273173,0,19
1.4409247265273173,1,47
1.4409247265273173,2,29
1.4409247265273173,3,5
1.450645938335722,0,18
1.450645938335722,1,47
1.450645938335722,2,30
1.450645938335722,3,5
1.5028989985640366,0,18
1.5028989985640366,1,45
1.5028989985640366,2,32
1.5028989985640366,3,5
1.511817920106329,0,16
1.511817920106329,1,47
1.511817920106329,2,32
1.511817920106329,3,5
1.58901846970499,0,14
1.58901846970499,1,49
1.58901846970499,2,32
1.58901846970499,3,5
1.624448867433774,0,14
1.624448867433774,1,49
1.624448867433774,2,31
1.624448867433774,3,5
1.624448867433774,4,1
1.628888695120427,0,14
1.628888695120427,1,49
1.628888695120427,2,31
1.628888695120427,3,5
1.628888695120427,4,1
1.7107214319548392,0,13
1.7107214319548392,1,49
1.7107214319548392,2,32
1.7107214319548392,3,5
1.7107214319548392,4,1
1.776355323593466,0,14
1.776355323593466,1,48
1.776355323593466,2,33
1.776355323593466,3,4
1.776355323593466,4,1
1.795077369633781,0,13
1.795077369633781,1,48
1.795077369633781,2,34
1.795077369633781,3,4
1.795077369633781,4,1
1.8262634225886885,0,13
1.8262634225886885,1,48
1.8262634225886885,2,34
1.8262634225886885,3,4
1.8262634225886885,4,1
1.8557478523609303,0,11
1.8557478523609303,1,50
1.8557478523609303,2,34
1.8557478523609303,3,4
1.8557478523609303,4,1
1.8880431044199202,0,11
1.8880431044199202,1,48
1.8880431044199202,2,36
1.8880431044199202,3,4
1.8880431044199202,4,1
1.9107155776133937,0,11
1.9107155776133937,1,48
1.9107155776133937,2,36
1.9107155776133937,3,4
1.9107155776133937,4,1
1.9638080166432605,0,11
1.9638080166432605,1,46
1.9638080166432605,2,38
1.9638080166432605,3,4
1.9638080166432605,4,1
1.9789214217161553,0,13
1.9789214217161553,1,44
1.9789214217161553,2,38
1.9789214217161553,3,4
1.9789214217161553,4,1
2.0098328512581567,0,13
2.0098328512581567,1,43
2.0098328512581567,2,39
2.0098328512581567,3,3
2.0098328512581567,4,2
2.108561898891396,0,13
2.108561898891396,1,44
2.108561898891396,2,38
2.108561898891396,3,4
2.108561898891396,4,1
2.1685570563706427,0,13
2.1685570563706427,1,43
2.1685570563706427,2,38
2.1685570563706427,3,5
2.1685570563706427,4,1
2.3353580081308847,0,13
2.3353580081308847,1,43
2.3353580081308847,2,36
2.3353580081308847,3,7
2.3353580081308847,4,1
2.4456612059907057,0,12
2.4456612059907057,1,43
2.4456612059907057,2,37
2.4456612059907057,3,7
2.4456612059907057,4,1
2.5451873178502167,0,12
2.5451873178502167,1,41
2.5451873178502167,2,39
2.5451873178502167,3,7
2.5451873178502167,4,1
2.576547570954543,0,12
2.576547570954543,1,40
2.576547570954543,2,39
2.576547570954543,3,8
2.576547570954543,4,1
2.6101166789107477,0,11
2.6101166789107477,1,40
2.6101166789107477,2,40
2.6101166789107477,3,8
2.6101166789107477,4,1
2.6445758260594294,0,11
2.6445758260594294,1,39
2.6445758260594294,2,40
2.6445758260594294,3,9
2.6445758260594294,4,1
2.645841046422569,0,9
2.645841046422569,1,41
2.645841046422569,2,40
2.645841046422569,3,9
2.645841046422569,4,1
2.7021358293674655,0,9
2.7021358293674655,1,40
2.7021358293674655,2,40
2.7021358293674655,3,10
2.7021358293674655,4,1
2.7051290645758077,0,8
2.7051290645758077,1,41
2.7051290645758077,2,39
2.7051290645758077,3,11
2.7051290645758077,4,1
2.721466179826852,0,7
2.721466179826852,1,41
2.721466179826852,2,40
2.721466179826852,3,11
2.721466179826852,4,1
2.7576726134009246,0,6
2.7576726134009246,1,42
2.7576726134009246,2,40
2.7576726134009246,3,10
2.7576726134009246,4,2
2.798745750425176,0,6
2.798745750425176,1,43
2.798745750425176,2,40
2.798745750425176,3,9
2.798745750425176,4,2
2.8034467966026932,0,7
2.8034467966026932,1,42
2.8034467966026932,2,41
2.8034467966026932,3,8
2.8034467966026932,4,2
2.8766246706285283,0,8
2.8766246706285283,1,42
2.8766246706285283,2,40
2.8766246706285283,3,8
2.8766246706285283,4,2
2.8796641102052796,0,8
2.8796641102052796,1,40
2.8796641102052796,2,42
2.8796641102052796,3,8
2.8796641102052796,4,2
2.892465411718134,0,7
2.892465411718134,1,40
2.892465411718134,2,43
2.892465411718134,3,8
2.892465411718134,4,2
2.893293999462281,0,7
2.893293999462281,1,39
2.893293999462281,2,43
2.893293999462281,3,9
2.893293999462281,4,2
2.9094012566645815,0,7
2.9094012566645815,1,39
2.9094012566645815,2,42
2.9094012566645815,3,9
2.9094012566645815,4,3
2.9238236844669268,0,7
2.9238236844669268,1,39
2.9238236844669268,2,42
2.9238236844669268,3,9
2.9238236844669268,4,3
2.932783800446986,0,7
2.932783800446986,1,38
2.932783800446986,2,43
2.932783800446986,3,8
2.932783800446986,4,4
3.024483424657432,0,6
3.024483424657432,1,39
3.024483424657432,2,42
3.024483424657432,3,9
3.024483424657432,4,4
3.2935200680361048,0,5
3.2935200680361048,1,39
3.2935200680361048,2,43
3.2935200680361048,3,9
3.2935200680361048,4,4
3.3194497434179637,0,5
3.3194497434179637,1,38
3.3194497434179637,2,43
3.3194497434179637,3,10
3.3194497434179637,4,4
3.3225559044492705,0,5
3.3225559044492705,1,38
3.3225559044492705,2,43
3.3225559044492705,3,10
3.3225559044492705,4,4
3.4817007592296583,0,6
3.4817007592296583,1,37
3.4817007592296583,2,43
3.4817007592296583,3,11
3.4817007592296583,4,3
3.6302947850278118,0,6
3.6302947850278118,1,37
3.6302947850278118,2,43
3.6302947850278118,3,11
3.6302947850278118,4,3
3.749093096827285,0,5
3.749093096827285,1,38
3.749093096827285,2,42
3.749093096827285,3,12
3.749093096827285,4,3
3.785444016016391,0,6
3.785444016016391,1,38
3.785444016016391,2,41
3.785444016016391,3,12
3.785444016016391,4,3
3.8776926932501823,0,6
3.8776926932501823,1,38
3.8776926932501823,2,41
3.8776926932501823,3,12
3.8776926932501823,4,3
3.907608107997109,0,6
3.907608107997109,1,37
3.907608107997109,2,42
3.907608107997109,3,11
3.907608107997109,4,4
3.9152863414741454,0,6
3.9152863414741454,1,36
3.9152863414741454,2,42
3.9152863414741454,3,12
3.9152863414741454,4,4
3.945283328291826,0,6
3.945283328291826,1,38
3.945283328291826,2,40
3.945283328291826,3,12
3.945283328291826,4,4
3.960719722561272,0,5
3.960719722561272,1,39
3.960719722561272,2,39
3.960719722561272,3,13
3.960719722561272,4,4
3.9615701208473264,0,5
3.9615701208473264,1,40
3.9615701208473264,2,39
3.9615701208473264,3,12
3.9615701208473264,4,4
4.119555615884301,0,5
4.119555615884301,1,39
4.119555615884301,2,39
4.119555615884301,3,13
4.119555615884301,4,4
4.120703567277847,0,5
4.120703567277847,1,39
4.120703567277847,2,39
4.120703567277847,3,13
4.120703567277847,4,4
4.185462938621446,0,5
4.185462938621446,1,39
4.185462938621446,2,39
4.185462938621446,3,13
4.185462938621446,4,4
4.325065658193732,0,5
4.325065658193732,1,39
4.325065658193732,2,39
4.325065658193732,3,13
4.325065658193732,4,4
4.345099563597736,0,6
4.345099563597736,1,39
4.345099563597736,2,38
4.345099563597736,3,13
4.345099563597736,4,4
4.45427870808525,0,6
4.45427870808525,1,39
4.45427870808525,2,36
4.45427870808525,3,15
4.45427870808525,4,4
4.522632691584961,0,6
4.522632691584961,1,38
4.522632691584961,2,37
4.522632691584961,3,14
4.522632691584961,4,5
4.573048828041309,0,7
4.573048828041309,1,38
4.573048828041309,2,36
4.573048828041309,3,14
4.573048828041309,4,5
4.701457322321316,0,7
4.701457322321316,1,38
4.701457322321316,2,37
4.701457322321316,3,14
4.701457322321316,4,4
4.763490443094725,0,7
4.763490443094725,1,38
4.763490443094725,2,36
4.763490443094725,3,14
4.763490443094725,4,5
4.767234643008964,0,8
4.767234643008964,1,37
4.767234643008964,2,37
4.767234643008964,3,13
4.767234643008964,4,5
4.795173731102899,0,10
4.795173731102899,1,35
4.795173731102899,2,37
4.795173731102899,3,13
4.795173731102899,4,5
4.809429040822207,0,10
4.809429040822207,1,33
4.809429040822207,2,39
4.809429040822207,3,13
4.809429040822207,4,5
4.822392791279116,0,9
4.822392791279116,1,34
4.822392791279116,2,38
4.822392791279116,3,14
4.822392791279116,4,5
4.9278931495733795,0,9
4.9278931495733795,1,34
4.9278931495733795,2,38
4.9278931495733795,3,14
4.9278931495733795,4,5
4.933459199877481,0,9
4.933459199877481,1,34
4.933459199877481,2,38
4.933459199877481,3,14
4.933459199877481,4,5
4.945493173833779,0,10
4.945493173833779,1,33
4.945493173833779,2,39
4.945493173833779,3,13
4.945493173833779,4,5
5.055655701401181,0,10
5.055655701401181,1,32
5.055655701401181,2,40
5.055655701401181,3,12
5.055655701401181,4,6
5.060968298788869,0,11
5.060968298788869,1,32
5.060968298788869,2,39
5.060968298788869,3,12
5.060968298788869,4,6
5.129265529352551,0,13
5.129265529352551,1,30
5.129265529352551,2,39
5.129265529352551,3,12
5.129265529352551,4,6
5.148645727935154,0,12
5.148645727935154,1,31
5.148645727935154,2,39
5.148645727935154,3,11
5.148645727935154,4,7
5.241144544578729,0,12
5.241144544578729,1,31
5.241144544578729,2,39
5.241144544578729,3,11
5.241144544578729,4,7
5.241281119098061,0,12
5.241281119098061,1,31
5.241281119098061,2,37
5.241281119098061,3,13
5.241281119098061,4,7
5.333346414517972,0,10
5.333346414517972,1,33
5.333346414517972,2,37
5.333346414517972,3,13
5.333346414517972,4,7
5.3805446486819655,0,10
5.3805446486819655,1,32
5.3805446486819655,2,37
5.3805446486819655,3,14
5.3805446486819655,4,7
5.4135304059060285,0,10
5.4135304059060285,1,32
5.4135304059060285,2,37
5.4135304059060285,3,14
5.4135304059060285,4,7
5.542036926694309,0,10
5.542036926694309,1,31
5.542036926694309,2,37
5.542036926694309,3,15
5.542036926694309,4,7
5.606895999191566,0,10
5.606895999191566,1,30
5.606895999191566,2,37
5.606895999191566,3,16
5.606895999191566,4,7
5.614827405087186,0,10
5.614827405087186,1,30
5.614827405087186,2,35
5.614827405087186,3,18
5.614827405087186,4,7
5.667697938517442,0,10
5.667697938517442,1,28
5.667697938517442,2,37
5.667697938517442,3,18
5.667697938517442,4,7
5.6935059308664435,0,11
5.6935059308664435,1,28
5.6935059308664435,2,36
5.6935059308664435,3,18
5.6935059308664435,4,7
5.697857001430073,0,11
5.697857001430073,1,28
5.697857001430073,2,36
5.697857001430073,3,18
5.697857001430073,4,7
5.733455129886832,0,11
5.733455129886832,1,27
5.733455129886832,2,36
5.733455129886832,3,19
5.733455129886832,4,7
6.222677644794201,0,10
6.222677644794201,1,28
6.222677644794201,2,36
6.222677644794201,3,18
6.222677644794201,4,8
6.373475654570345,0,9
6.373475654570345,1,29
6.373475654570345,2,36
6.373475654570345,3,17
6.373475654570345,4,9
6.568703767800156,0,8
6.568703767800156,1,29
6.568703767800156,2,37
6.568703767800156,3,17
6.568703767800156,4,9
6.665897739847627,0,8
6.665897739847627,1,28
6.665897739847627,2,37
6.665897739847627,3,18
6.665897739847627,4,9
6.673688811589592,0,8
6.673688811589592,1,27
6.673688811589592,2,37
6.673688811589592,3,19
6.673688811589592,4,9
6.715992041491442,0,8
6.715992041491442,1,26
6.715992041491442,2,37
6.715992041491442,3,20
6.715992041491442,4,9
6.749728397685986,0,8
6.749728397685986,1,25
6.749728397685986,2,37
6.749728397685986,3,21
6.749728397685986,4,9
6.860628821267986,0,8
6.860628821267986,1,24
6.860628821267986,2,37
6.860628821267986,3,22
6.860628821267986,4,9
6.863839457489857,0,8
6.863839457489857,1,24
6.863839457489857,2,37
6.863839457489857,3,22
6.863839457489857,4,9
6.898679070424699,0,8
6.898679070424699,1,24
6.898679070424699,2,36
6.898679070424699,3,23
6.898679070424699,4,8
6.898679070424699,5,1
6.9452788067522295,0,8
6.9452788067522295,1,23
6.9452788067522295,2,37
6.9452788067522295,3,22
6.9452788067522295,4,9
6.9452788067522295,5,1
6.984516222193386,0,9
6.984516222193386,1,23
6.984516222193386,2,36
6.984516222193386,3,22
6.984516222193386,4,9
6.984516222193386,5,1
7.099163406301494,0,9
7.099163406301494,1,22
7.099163406301494,2,37
7.099163406301494,3,21
7.099163406301494,4,10
7.099163406301494,5,1
7.262363320825802,0,9
7.262363320825802,1,22
7.262363320825802,2,37
7.262363320825802,3,21
7.262363320825802,4,10
7.262363320825802,5,1
7.476827704960103,0,9
7.476827704960103,1,22
7.476827704960103,2,36
7.476827704960103,3,22
7.476827704960103,4,9
7.476827704960103,5,2
7.540715977463739,0,10
7.540715977463739,1,22
7.540715977463739,2,35
7.540715977463739,3,22
7.540715977463739,4,9
7.540715977463739,5,2
7.66987689924769,0,10
7.66987689924769,1,21
7.66987689924769,2,36
7.66987689924769,3,21
7.66987689924769,4,10
7.66987689924769,5,2
7.7328774449958235,0,8
7.7328774449958235,1,23
7.7328774449958235,2,36
7.7328774449958235,3,21
7.7328774449958235,4,10
7.7328774449958235,5,2
7.735362260549952,0,8
7.735362260549952,1,23
7.735362260549952,2,35
7.735362260549952,3,22
7.735362260549952,4,9
7.735362260549952,5,3
7.9009306606346374,0,7
7.9009306606346374,1,24
7.9009306606346374,2,35
7.9009306606346374,3,21
7.9009306606346374,4,10
7.9009306606346374,5,3
7.959092473131028,0,5
7.959092473131028,1,26
7.959092473131028,2,35
7.959092473131028,3,21
7.959092473131028,4,10
7.959092473131028,5,3
7.984584104082964,0,5
7.984584104082964,1,26
7.984584104082964,2,35
7.984584104082964,3,21
7.984584104082964,4,10
7.984584104082964,5,3
8.031434804678131,0,5
8.031434804678131,1,25
8.031434804678131,2,36
8.031434804678131,3,20
8.031434804678131,4,11
8.031434804678131,5,3
8.077963102938362,0,4
8.077963102938362,1,25
8.077963102938362,2,37
8.077963102938362,3,20
8.077963102938362,4,11
8.077963102938362,5,3
8.104927424316598,0,4
8.104927424316598,1,25
8.104927424316598,2,39
8.104927424316598,3,18
8.104927424316598,4,11
8.104927424316598,5,3
8.134512322391036,0,4
8.134512322391036,1,25
8.134512322391036,2,39
8.134512322391036,3,18
8.134512322391036,4,11
8.134512322391036,5,3
8.259649206618993,0,3
8.259649206618993,1,26
8.259649206618993,2,38
8.259649206618993,3,19
8.259649206618993,4,11
8.259649206618993,5,3
8.263024082125513,0,3
8.263024082125513,1,25
8.263024082125513,2,39
8.263024082125513,3,19
8.263024082125513,4,10
8.263024082125513,5,4
8.328321546774383,0,3
8.328321546774383,1,25
8.328321546774383,2,38
8.328321546774383,3,19
8.328321546774383,4,11
8.328321546774383,5,4
8.475055222605214,0,3
8.475055222605214,1,25
8.475055222605214,2,38
8.475055222605214,3,19
8.475055222605214,4,11
8.475055222605214,5,4
8.496588190332718,0,5
8.496588190332718,1,23
8.496588190332718,2,38
8.496588190332718,3,19
8.496588190332718,4,11
8.496588190332718,5,4
8.513185728289947,0,4
8.513185728289947,1,24
8.513185728289947,2,38
8.513185728289947,3,18
8.513185728289947,4,12
8.513185728289947,5,4
8.55128474458318,0,4
8.55128474458318,1,23
8.55128474458318,2,38
8.55128474458318,3,19
8.55128474458318,4,12
8.55128474458318,5,4
8.605512777997994,0,4
8.605512777997994,1,23
8.605512777997994,2,36
8.605512777997994,3,21
8.605512777997994,4,12
8.605512777997994,5,4
8.673790761301255,0,4
8.673790761301255,1,23
8.673790761301255,2,38
8.673790761301255,3,19
8.673790761301255,4,12
8.673790761301255,5,4
8.779085862905937,0,4
8.779085862905937,1,23
8.779085862905937,2,38
8.779085862905937,3,19
8.779085862905937,4,12
8.779085862905937,5,4
8.905267152432407,0,4
8.905267152432407,1,23
8.905267152432407,2,38
8.905267152432407,3,17
8.905267152432407,4,14
8.905267152432407,5,4
9.08237965926359,0,4
9.08237965926359,1,21
9.08237965926359,2,40
9.08237965926359,3,17
9.08237965926359,4,14
9.08237965926359,5,4
9.102725149091082,0,5
9.102725149091082,1,20
9.102725149091082,2,40
9.102725149091082,3,18
9.102725149091082,4,13
9.102725149091082,5,4
9.142848486578941,0,4
9.142848486578941,1,21
9.142848486578941,2,40
9.142848486578941,3,18
9.142848486578941,4,12
9.142848486578941,5,5
9.204206884238786,0,4
9.204206884238786,1,21
9.204206884238786,2,39
9.204206884238786,3,18
9.204206884238786,4,13
9.204206884238786,5,5
9.210185902965687,0,4
9.210185902965687,1,21
9.210185902965687,2,38
9.210185902965687,3,18
9.210185902965687,4,14
9.210185902965687,5,5
9.459344008729568,0,4
9.459344008729568,1,20
9.459344008729568,2,38
9.459344008729568,3,19
9.459344008729568,4,14
9.459344008729568,5,5
9.581603344399106,0,4
9.581603344399106,1,22
9.581603344399106,2,36
9.581603344399106,3,19
9.581603344399106,4,14
9.581603344399106,5,5
9.595026382324479,0,3
9.595026382324479,1,23
9.595026382324479,2,36
9.595026382324479,3,19
9.595026382324479,4,13
9.595026382324479,5,6
9.821786116684216,0,3
9.821786116684216,1,22
9.821786116684216,2,36
9.821786116684216,3,20
9.821786116684216,4,13
9.821786116684216,5,6
9.940769221342048,0,3
9.940769221342048,1,23
9.940769221342048,2,35
9.940769221342048,3,21
9.940769221342048,4,12
9.940769221342048,5,6
9.973237811136398,0,3
9.973237811136398,1,25
9.973237811136398,2,33
9.973237811136398,3,21
9.973237811136398,4,12
9.973237811136398,5,6
10.048404780365194,0,4
10.048404780365194,1,24
10.048404780365194,2,33
10.048404780365194,3,22
10.048404780365194,4,11
10.048404780365194,5,6
10.270575280989052,0,3
10.270575280989052,1,25
10.270575280989052,2,33
10.270575280989052,3,22
10.270575280989052,4,10
10.270575280989052,5,7
10.661309783656508,0,3
10.661309783656508,1,25
10.661309783656508,2,33
10.661309783656508,3,22
10.661309783656508,4,10
10.661309783656508,5,7
10.725607243997848,0,3
10.725607243997848,1,24
10.725607243997848,2,33
10.725607243997848,3,23
10.725607243997848,4,10
10.725607243997848,5,7
10.82168315403774,0,2
10.82168315403774,1,25
10.82168315403774,2,33
10.82168315403774,3,22
10.82168315403774,4,11
10.82168315403774,5,7
10.851948825674441,0,2
10.851948825674441,1,24
10.851948825674441,2,34
10.851948825674441,3,21
10.851948825674441,4,12
10.851948825674441,5,7
11.067728918078604,0,2
11.067728918078604,1,24
11.067728918078604,2,33
11.067728918078604,3,22
11.067728918078604,4,11
11.067728918078604,5,8
11.083928454215984,0,2
11.083928454215984,1,23
11.083928454215984,2,34
11.083928454215984,3,21
11.083928454215984,4,12
11.083928454215984,5,8
11.08492833311947,0,3
11.08492833311947,1,22
11.08492833311947,2,35
11.08492833311947,3,20
11.08492833311947,4,12
11.08492833311947,5,8
11.216656505748064,0,3
11.216656505748064,1,23
11.216656505748064,2,35
11.216656505748064,3,19
11.216656505748064,4,12
11.216656505748064,5,8
11.492833368148567,0,2
11.492833368148567,1,24
11.492833368148567,2,35
11.492833368148567,3,18
11.492833368148567,4,13
11.492833368148567,5,8
11.619101566257516,0,2
11.619101566257516,1,24
11.619101566257516,2,34
11.619101566257516,3,19
11.619101566257516,4,12
11.619101566257516,5,9
11.815260300310802,0,2
11.815260300310802,1,23
11.815260300310802,2,35
11.815260300310802,3,19
11.815260300310802,4,11
11.815260300310802,5,10
12.276267161291058,0,2
12.276267161291058,1,23
12.276267161291058,2,35
12.276267161291058,3,18
12.276267161291058,4,11
12.276267161291058,5,11
12.316141112084491,0,2
12.316141112084491,1,23
12.316141112084491,2,35
12.316141112084491,3,18
12.316141112084491,4,11
12.316141112084491,5,11
12.616724995283684,0,1
12.616724995283684,1,24
12.616724995283684,2,35
12.616724995283684,3,17
12.616724995283684,4,12
12.616724995283684,5,11
12.635862201223464,0,1
12.635862201223464,1,23
12.635862201223464,2,35
12.635862201223464,3,18
12.635862201223464,4,12
12.635862201223464,5,11
12.813982435464428,0,1
12.813982435464428,1,23
12.813982435464428,2,35
12.813982435464428,3,18
12.813982435464428,4,12
12.813982435464428,5,11
12.85912803476543,0,1
12.85912803476543,1,23
12.85912803476543,2,35
12.85912803476543,3,16
12.85912803476543,4,14
12.85912803476543,5,11
12.961615207357541,0,1
12.961615207357541,1,22
12.961615207357541,2,35
12.961615207357541,3,17
12.961615207357541,4,14
12.961615207357541,5,11
13.153456728068647,0,1
13.153456728068647,1,22
13.153456728068647,2,33
13.153456728068647,3,19
13.153456728068647,4,14
13.153456728068647,5,11
13.242985505191916,0,1
13.242985505191916,1,24
13.242985505191916,2,31
13.242985505191916,3,19
13.242985505191916,4,14
13.242985505191916,5,11
13.281810291854722,0,2
13.281810291854722,1,23
13.281810291854722,2,32
13.281810291854722,3,18
13.281810291854722,4,14
13.281810291854722,5,11
13.314188626052552,0,2
13.314188626052552,1,23
13.314188626052552,2,31
13.314188626052552,3,19
13.314188626052552,4,14
13.314188626052552,5,10
13.314188626052552,6,1
13.422183893364316,0,2
13.422183893364316,1,23
13.422183893364316,2,31
13.422183893364316,3,19
13.422183893364316,4,14
13.422183893364316,5,10
13.422183893364316,6,1
13.557983806069151,0,3
13.557983806069151,1,23
13.557983806069151,2,30
13.557983806069151,3,19
13.557983806069151,4,14
13.557983806069151,5,10
13.557983806069151,6,1
13.574771404384327,0,2
13.574771404384327,1,24
13.574771404384327,2,30
13.574771404384327,3,18
13.574771404384327,4,15
13.574771404384327,5,10
13.574771404384327,6,1
13.637613129437437,0,2
13.637613129437437,1,24
13.637613129437437,2,30
13.637613129437437,3,16
13.637613129437437,4,17
13.637613129437437,5,10
13.637613129437437,6,1
13.689989455653139,0,2
13.689989455653139,1,24
13.689989455653139,2,30
13.689989455653139,3,16
13.689989455653139,4,17
13.689989455653139,5,10
13.689989455653139,6,1
13.825551560968403,0,2
13.825551560968403,1,23
13.825551560968403,2,31
13.825551560968403,3,15
13.825551560968403,4,18
13.825551560968403,5,10
13.825551560968403,6,1
13.893346069778726,0,3
13.893346069778726,1,22
13.893346069778726,2,31
13.893346069778726,3,15
13.893346069778726,4,19
13.893346069778726,5,9
13.893346069778726,6,1
14.1240871271752,0,4
14.1240871271752,1,21
14.1240871271752,2,32
14.1240871271752,3,14
14.1240871271752,4,19
14.1240871271752,5,9
14.1240871271752,6,1
14.125467484633985,0,3
14.125467484633985,1,22
14.125467484633985,2,32
14.125467484633985,3,14
14.125467484633985,4,18
14.125467484633985,5,10
14.125467484633985,6,1
14.205933140349478,0,3
14.205933140349478,1,23
14.205933140349478,2,31
14.205933140349478,3,14
14.205933140349478,4,19
14.205933140349478,5,9
14.205933140349478,6,1
14.279333698256599,0,4
14.279333698256599,1,22
14.279333698256599,2,32
14.279333698256599,3,13
14.279333698256599,4,19
14.279333698256599,5,9
14.279333698256599,6,1
14.430568186829149,0,4
14.430568186829149,1,22
14.430568186829149,2,31
14.430568186829149,3,13
14.430568186829149,4,20
14.430568186829149,5,9
14.430568186829149,6,1
14.489696458946277,0,4
14.489696458946277,1,22
14.489696458946277,2,31
14.489696458946277,3,12
14.489696458946277,4,20
14.489696458946277,5,10
14.489696458946277,6,1
14.511086862917447,0,4
14.511086862917447,1,22
14.511086862917447,2,32
14.511086862917447,3,12
14.511086862917447,4,19
14.511086862917447,5,10
14.511086862917447,6,1
14.565385691303467,0,4
14.565385691303467,1,21
14.565385691303467,2,32
14.565385691303467,3,13
14.565385691303467,4,19
14.565385691303467,5,10
14.565385691303467,6,1
14.581981710016805,0,4
14.581981710016805,1,22
14.581981710016805,2,31
14.581981710016805,3,13
14.581981710016805,4,20
14.581981710016805,5,9
14.581981710016805,6,1
14.71452906705114,0,4
14.71452906705114,1,22
14.71452906705114,2,32
14.71452906705114,3,13
14.71452906705114,4,19
14.71452906705114,5,9
14.71452906705114,6,1
14.845512129174482,0,3
14.845512129174482,1,23
14.845512129174482,2,32
14.845512129174482,3,13
14.845512129174482,4,19
14.845512129174482,5,8
14.845512129174482,6,2
14.908366213219692,0,2
14.908366213219692,1,24
14.908366213219692,2,31
14.908366213219692,3,14
14.908366213219692,4,19
14.908366213219692,5,8
14.908366213219692,6,2
15.071734946184305,0,2
15.071734946184305,1,23
15.071734946184305,2,32
15.071734946184305,3,14
15.071734946184305,4,18
15.071734946184305,5,9
15.071734946184305,6,2
15.116167438833505,0,2
15.116167438833505,1,23
15.116167438833505,2,32
15.116167438833505,3,14
15.116167438833505,4,18
15.116167438833505,5,9
15.116167438833505,6,2
15.163434096918161,0,2
15.163434096918161,1,23
15.163434096918161,2,32
15.163434096918161,3,14
15.163434096918161,4,18
15.163434096918161,5,9
15.163434096918161,6,2
15.181306740201501,0,3
15.181306740201501,1,22
15.181306740201501,2,33
15.181306740201501,3,13
15.181306740201501,4,18
15.181306740201501,5,9
15.181306740201501,6,2
15.212012685987679,0,3
15.212012685987679,1,21
15.212012685987679,2,34
15.212012685987679,3,12
15.212012685987679,4,19
15.212012685987679,5,9
15.212012685987679,6,2
15.320573679956834,0,2
15.320573679956834,1,22
15.320573679956834,2,34
15.320573679956834,3,11
15.320573679956834,4,20
15.320573679956834,5,9
15.320573679956834,6,2
15.413907681177848,0,3
15.413907681177848,1,21
15.413907681177848,2,34
15.413907681177848,3,12
15.413907681177848,4,19
15.413907681177848,5,9
15.413907681177848,6,2
15.438117514805766,0,2
15.438117514805766,1,22
15.438117514805766,2,33
15.438117514805766,3,13
15.438117514805766,4,19
15.438117514805766,5,9
15.438117514805766,6,2
15.473954934248159,0,2
15.473954934248159,1,21
15.473954934248159,2,33
15.473954934248159,3,14
15.473954934248159,4,19
15.473954934248159,5,9
15.473954934248159,6,2
16.03235058730978,0,2
16.03235058730978,1,20
16.03235058730978,2,33
16.03235058730978,3,15
16.03235058730978,4,19
16.03235058730978,5,9
16.03235058730978,6,2
16.16717391672272,0,2
16.16717391672272,1,21
16.16717391672272,2,33
16.16717391672272,3,14
16.16717391672272,4,19
16.16717391672272,5,9
16.16717391672272,6,2
16.279527641408933,0,2
16.279527641408933,1,20
16.279527641408933,2,33
16.279527641408933,3,15
16.279527641408933,4,19
16.279527641408933,5,9
16.279527641408933,6,2
16.41167626368647,0,2
16.41167626368647,1,20
16.41167626368647,2,33
16.41167626368647,3,15
16.41167626368647,4,19
16.41167626368647,5,9
16.41167626368647,6,2
16.44860776760131,0,2
16.44860776760131,1,19
16.44860776760131,2,33
16.44860776760131,3,16
16.44860776760131,4,19
16.44860776760131,5,9
16.44860776760131,6,2
16.53388895798584,0,2
16.53388895798584,1,19
16.53388895798584,2,33
16.53388895798584,3,15
16.53388895798584,4,19
16.53388895798584,5,10
16.53388895798584,6,2
16.534807029173276,0,2
16.534807029173276,1,19
16.534807029173276,2,32
16.534807029173276,3,15
16.534807029173276,4,20
16.534807029173276,5,10
16.534807029173276,6,2
16.649562709197067,0,2
16.649562709197067,1,18
16.649562709197067,2,33
16.649562709197067,3,14
16.649562709197067,4,21
16.649562709197067,5,10
16.649562709197067,6,2
16.7198041461069,0,2
16.7198041461069,1,18
16.7198041461069,2,33
16.7198041461069,3,13
16.7198041461069,4,22
16.7198041461069,5,9
16.7198041461069,6,3
16.748248585056025,0,3
16.748248585056025,1,17
16.748248585056025,2,33
16.748248585056025,3,13
16.748248585056025,4,23
16.748248585056025,5,8
16.748248585056025,6,3
17.011690576821408,0,3
17.011690576821408,1,16
17.011690576821408,2,33
17.011690576821408,3,14
17.011690576821408,4,23
17.011690576821408,5,8
17.011690576821408,6,3
17.01584453398113,0,3
17.01584453398113,1,15
17.01584453398113,2,34
17.01584453398113,3,13
17.01584453398113,4,24
17.01584453398113,5,8
17.01584453398113,6,3
17.22848876452801,0,3
17.22848876452801,1,16
17.22848876452801,2,33
17.22848876452801,3,13
17.22848876452801,4,24
17.22848876452801,5,9
17.22848876452801,6,2
17.418249645100865,0,3
17.418249645100865,1,16
17.418249645100865,2,32
17.418249645100865,3,13
17.418249645100865,4,25
17.418249645100865,5,9
17.418249645100865,6,2
17.469678851324158,0,2
17.469678851324158,1,17
17.469678851324158,2,32
17.469678851324158,3,13
17.469678851324158,4,25
17.469678851324158,5,8
17.469678851324158,6,3
17.860257199020584,0,3
17.860257199020584,1,16
17.860257199020584,2,32
17.860257199020584,3,14
17.860257199020584,4,24
17.860257199020584,5,8
17.860257199020584,6,3
17.948173585943014,0,2
17.948173585943014,1,17
17.948173585943014,2,31
17.948173585943014,3,15
17.948173585943014,4,24
17.948173585943014,5,8
17.948173585943014,6,3
18.05365843875941,0,2
18.05365843875941,1,17
18.05365843875941,2,31
18.05365843875941,3,14
18.05365843875941,4,24
18.05365843875941,5,9
18.05365843875941,6,3
18.057222681636837,0,3
18.057222681636837,1,16
18.057222681636837,2,32
18.057222681636837,3,13
18.057222681636837,4,24
18.057222681636837,5,9
18.057222681636837,6,3
18.195653035892583,0,3
18.195653035892583,1,16
18.195653035892583,2,32
18.195653035892583,3,13
18.195653035892583,4,23
18.195653035892583,5,9
18.195653035892583,6,4
18.25603753899848,0,4
18.25603753899848,1,15
18.25603753899848,2,32
18.25603753899848,3,13
18.25603753899848,4,23
18.25603753899848,5,10
18.25603753899848,6,3
18.35328373704996,0,4
18.35328373704996,1,15
18.35328373704996,2,30
18.35328373704996,3,15
18.35328373704996,4,23
18.35328373704996,5,10
18.35328373704996,6,3
18.45084973580759,0,4
18.45084973580759,1,15
18.45084973580759,2,29
18.45084973580759,3,16
18.45084973580759,4,23
18.45084973580759,5,9
18.45084973580759,6,4
18.51998064453484,0,4
18.51998064453484,1,15
18.51998064453484,2,29
18.51998064453484,3,16
18.51998064453484,4,23
18.51998064453484,5,9
18.51998064453484,6,4
18.641983467295987,0,4
18.641983467295987,1,16
18.641983467295987,2,28
18.641983467295987,3,17
18.641983467295987,4,22
18.641983467295987,5,9
18.641983467295987,6,4
18.803745992953395,0,4
18.803745992953395,1,18
18.803745992953395,2,26
18.803745992953395,3,17
18.803745992953395,4,22
18.803745992953395,5,9
18.803745992953395,6,4
18.845534245359875,0,3
18.845534245359875,1,19
18.845534245359875,2,26
18.845534245359875,3,17
18.845534245359875,4,22
18.845534245359875,5,8
18.845534245359875,6,5
18.885987504257645,0,3
18.885987504257645,1,18
18.885987504257645,2,27
18.885987504257645,3,17
18.885987504257645,4,22
18.885987504257645,5,7
18.885987504257645,6,6
19.052904233073473,0,4
19.052904233073473,1,17
19.052904233073473,2,27
19.052904233073473,3,18
19.052904233073473,4,21
19.052904233073473,5,7
19.052904233073473,6,6
19.109791678632664,0,4
19.109791678632664,1,17
19.109791678632664,2,27
19.109791678632664,3,18
19.109791678632664,4,21
19.109791678632664,5,7
19.109791678632664,6,6
19.115709078179297,0,4
19.115709078179297,1,17
19.115709078179297,2,27
19.115709078179297,3,18
19.115709078179297,4,20
19.115709078179297,5,7
19.115709078179297,6,7
19.150390761375537,0,4
19.150390761375537,1,16
19.150390761375537,2,28
19.150390761375537,3,17
19.150390761375537,4,21
19.150390761375537,5,7
19.150390761375537,6,7
19.157602862808485,0,4
19.157602862808485,1,16
19.157602862808485,2,28
19.157602862808485,3,15
19.157602862808485,4,23
19.157602862808485,5,7
19.157602862808485,6,7
19.527454900850906,0,4
19.527454900850906,1,15
19.527454900850906,2,29
19.527454900850906,3,15
19.527454900850906,4,22
19.527454900850906,5,8
19.527454900850906,6,7
19.57821855048741,0,4
19.57821855048741,1,15
19.57821855048741,2,29
19.57821855048741,3,14
19.57821855048741,4,22
19.57821855048741,5,9
19.57821855048741,6,7
19.73232245472478,0,4
19.73232245472478,1,15
19.73232245472478,2,29
19.73232245472478,3,14
19.73232245472478,4,22
19.73232245472478,5,9
19.73232245472478,6,7
20.265689625455696,0,4
20.265689625455696,1,15
20.265689625455696,2,29
20.265689625455696,3,14
20.265689625455696,4,21
20.265689625455696,5,9
20.265689625455696,6,8
20.310106604722474,0,4
20.310106604722474,1,15
20.310106604722474,2,29
20.310106604722474,3,14
20.310106604722474,4,20
20.310106604722474,5,9
20.310106604722474,6,9
20.451805064371957,0,4
20.451805064371957,1,15
20.451805064371957,2,29
20.451805064371957,3,14
20.451805064371957,4,20
20.451805064371957,5,9
20.451805064371957,6,9
20.509584312619165,0,4
20.509584312619165,1,15
20.509584312619165,2,29
20.509584312619165,3,13
20.509584312619165,4,21
20.509584312619165,5,8
20.509584312619165,6,10
20.522359119639468,0,4
20.522359119639468,1,15
20.522359119639468,2,28
20.522359119639468,3,14
20.522359119639468,4,20
20.522359119639468,5,9
20.522359119639468,6,10
20.731731157166767,0,3
20.731731157166767,1,16
20.731731157166767,2,28
20.731731157166767,3,14
20.731731157166767,4,20
20.731731157166767,5,8
20.731731157166767,6,11
20.844616243170304,0,3
20.844616243170304,1,16
20.844616243170304,2,28
20.844616243170304,3,14
20.844616243170304,4,18
20.844616243170304,5,10
20.844616243170304,6,11
21.319869012613697,0,2
21.319869012613697,1,17
21.319869012613697,2,28
21.319869012613697,3,14
21.319869012613697,4,18
21.319869012613697,5,10
21.319869012613697,6,10
21.319869012613697,7,1
21.42700097042305,0,2
21.42700097042305,1,17
21.42700097042305,2,28
21.42700097042305,3,14
21.42700097042305,4,17
21.42700097042305,5,10
21.42700097042305,6,11
21.42700097042305,7,1
22.03779180872024,0,2
22.03779180872024,1,17
22.03779180872024,2,28
22.03779180872024,3,13
22.03779180872024,4,18
22.03779180872024,5,9
22.03779180872024,6,12
22.03779180872024,7,1
22.124575209897227,0,2
22.124575209897227,1,18
22.124575209897227,2,28
22.124575209897227,3,12
22.124575209897227,4,18
22.124575209897227,5,9
22.124575209897227,6,12
22.124575209897227,7,1
22.349388567537897,0,3
22.349388567537897,1,17
22.349388567537897,2,28
22.349388567537897,3,13
22.349388567537897,4,17
22.349388567537897,5,9
22.349388567537897,6,12
22.349388567537897,7,1
22.771168914158352,0,3
22.771168914158352,1,18
22.771168914158352,2,28
22.771168914158352,3,12
22.771168914158352,4,17
22.771168914158352,5,9
22.771168914158352,6,12
22.771168914158352,7,1
22.786111683667265,0,2
22.786111683667265,1,19
22.786111683667265,2,28
22.786111683667265,3,12
22.786111683667265,4,16
22.786111683667265,5,10
22.786111683667265,6,12
22.786111683667265,7,1
22.869015756961478,0,1
22.869015756961478,1,20
22.869015756961478,2,28
22.869015756961478,3,12
22.869015756961478,4,16
22.869015756961478,5,10
22.869015756961478,6,11
22.869015756961478,7,2
23.332561390514375,0,1
23.332561390514375,1,20
23.332561390514375,2,28
23.332561390514375,3,12
23.332561390514375,4,16
23.332561390514375,5,10
23.332561390514375,6,11
23.332561390514375,7,2
23.58223566017455,0,1
23.58223566017455,1,19
23.58223566017455,2,29
23.58223566017455,3,12
23.58223566017455,4,15
23.58223566017455,5,11
23.58223566017455,6,11
23.58223566017455,7,2
23.648705789896137,0,2
23.648705789896137,1,18
23.648705789896137,2,29
23.648705789896137,3,13
23.648705789896137,4,14
23.648705789896137,5,11
23.648705789896137,6,11
23.648705789896137,7,2
23.652526322741398,0,2
23.652526322741398,1,18
23.652526322741398,2,29
23.652526322741398,3,12
23.652526322741398,4,15
23.652526322741398,5,10
23.652526322741398,6,12
23.652526322741398,7,2
23.89597936993065,0,2
23.89597936993065,1,18
23.89597936993065,2,29
23.89597936993065,3,12
23.89597936993065,4,15
23.89597936993065,5,10
23.89597936993065,6,12
23.89597936993065,7,2
24.081447938470763,0,2
24.081447938470763,1,18
24.081447938470763,2,29
24.081447938470763,3,11
24.081447938470763,4,15
24.081447938470763,5,11
24.081447938470763,6,12
24.081447938470763,7,2
24.091418480637376,0,2
24.091418480637376,1,17
24.091418480637376,2,30
24.091418480637376,3,11
24.091418480637376,4,15
24.091418480637376,5,11
24.091418480637376,6,11
24.091418480637376,7,3
24.202326373688212,0,2
24.202326373688212,1,17
24.202326373688212,2,30
24.202326373688212,3,11
24.202326373688212,4,15
24.202326373688212,5,9
24.202326373688212,6,13
24.202326373688212,7,3
24.24418313933817,0,2
24.24418313933817,1,17
24.24418313933817,2,29
24.24418313933817,3,12
24.24418313933817,4,15
24.24418313933817,5,9
24.24418313933817,6,13
24.24418313933817,7,2
24.24418313933817,8,1
25.037895324872576,0,2
25.037895324872576,1,17
25.037895324872576,2,29
25.037895324872576,3,12
25.037895324872576,4,15
25.037895324872576,5,9
25.037895324872576,6,13
25.037895324872576,7,2
25.037895324872576,8,1
25.241544406415986,0,2
25.241544406415986,1,17
25.241544406415986,2,29
25.241544406415986,3,12
25.241544406415986,4,15
25.241544406415986,5,9
25.241544406415986,6,13
25.241544406415986,7,2
25.241544406415986,8,1
25.25430393049553,0,3
25.25430393049553,1,16
25.25430393049553,2,29
25.25430393049553,3,13
25.25430393049553,4,14
25.25430393049553,5,9
25.25430393049553,6,13
25.25430393049553,7,2
25.25430393049553,8,1
25.279820078071232,0,3
25.279820078071232,1,17
25.279820078071232,2,28
25.279820078071232,3,14
25.279820078071232,4,13
25.279820078071232,5,9
25.279820078071232,6,13
25.279820078071232,7,2
25.279820078071232,8,1
25.856621985519983,0,3
25.856621985519983,1,18
25.856621985519983,2,27
25.856621985519983,3,14
25.856621985519983,4,13
25.856621985519983,5,10
25.856621985519983,6,12
25.856621985519983,7,2
25.856621985519983,8,1
26.020533527136823,0,3
26.020533527136823,1,17
26.020533527136823,2,28
26.020533527136823,3,14
26.020533527136823,4,13
26.020533527136823,5,10
26.020533527136823,6,11
26.020533527136823,7,3
26.020533527136823,8,1
26.03787112134296,0,2
26.03787112134296,1,18
26.03787112134296,2,28
26.03787112134296,3,14
26.03787112134296,4,13
26.03787112134296,5,9
26.03787112134296,6,12
26.03787112134296,7,3
26.03787112134296,8,1
26.10777633023099,0,1
26.10777633023099,1,19
26.10777633023099,2,28
26.10777633023099,3,13
26.10777633023099,4,14
26.10777633023099,5,9
26.10777633023099,6,12
26.10777633023099,7,3
26.10777633023099,8,1
26.181266075595936,0,1
26.181266075595936,1,19
26.181266075595936,2,28
26.181266075595936,3,13
26.181266075595936,4,14
26.181266075595936,5,8
26.181266075595936,6,12
26.181266075595936,7,4
26.181266075595936,8,1
26.233496619066138,0,2
26.233496619066138,1,18
26.233496619066138,2,28
26.233496619066138,3,13
26.233496619066138,4,14
26.233496619066138,5,9
26.233496619066138,6,11
26.233496619066138,7,4
26.233496619066138,8,1
26.35143609487209,0,2
26.35143609487209,1,18
26.35143609487209,2,27
26.35143609487209,3,13
26.35143609487209,4,15
26.35143609487209,5,9
26.35143609487209,6,11
26.35143609487209,7,4
26.35143609487209,8,1
26.480468723305584,0,2
26.480468723305584,1,17
26.480468723305584,2,28
26.480468723305584,3,13
26.480468723305584,4,15
26.480468723305584,5,9
26.480468723305584,6,10
26.480468723305584,7,5
26.480468723305584,8,1
26.903474165828786,0,2
26.903474165828786,1,17
26.903474165828786,2,28
26.903474165828786,3,12
26.903474165828786,4,16
26.903474165828786,5,9
26.903474165828786,6,10
26.903474165828786,7,5
26.903474165828786,9,1
26.94622616503534,0,2
26.94622616503534,1,17
26.94622616503534,2,28
26.94622616503534,3,11
26.94622616503534,4,17
26.94622616503534,5,8
26.94622616503534,6,11
26.94622616503534,7,5
26.94622616503534,9,1
26.998119739672724,0,2
26.998119739672724,1,17
26.998119739672724,2,28
26.998119739672724,3,11
26.998119739672724,4,17
26.998119739672724,5,8
26.998119739672724,6,11
26.998119739672724,7,5
26.998119739672724,9,1
27.140121184004652,0,1
27.140121184004652,1,17
27.140121184004652,2,29
27.140121184004652,3,11
27.140121184004652,4,17
27.140121184004652,5,8
27.140121184004652,6,11
27.140121184004652,7,5
27.140121184004652,9,1
27.176548230870562,0,1
27.176548230870562,1,18
27.176548230870562,2,28
27.176548230870562,3,11
27.176548230870562,4,17
27.176548230870562,5,9
27.176548230870562,6,10
27.176548230870562,7,5
27.176548230870562,9,1
27.20822496871674,0,1
27.20822496871674,1,18
27.20822496871674,2,28
27.20822496871674,3,10
27.20822496871674,4,18
27.20822496871674,5,8
27.20822496871674,6,11
27.20822496871674,7,5
27.20822496871674,9,1
27.25241053242714,0,1
27.25241053242714,1,18
27.25241053242714,2,28
27.25241053242714,3,10
27.25241053242714,4,17
27.25241053242714,5,9
27.25241053242714,6,10
27.25241053242714,7,6
27.25241053242714,9,1
27.44755249085997,0,1
27.44755249085997,1,18
27.44755249085997,2,28
27.44755249085997,3,10
27.44755249085997,4,16
27.44755249085997,5,10
27.44755249085997,6,10
27.44755249085997,7,5
27.44755249085997,8,1
27.44755249085997,9,1
27.473103212102625,0,1
27.473103212102625,1,18
27.473103212102625,2,27
27.473103212102625,3,11
27.473103212102625,4,16
27.473103212102625,5,10
27.473103212102625,6,10
27.473103212102625,7,4
27.473103212102625,8,2
27.473103212102625,9,1
27.5635884296143,0,2
27.5635884296143,1,17
27.5635884296143,2,27
27.5635884296143,3,11
27.5635884296143,4,16
27.5635884296143,5,11
27.5635884296143,6,9
27.5635884296143,7,4
27.5635884296143,8,2
27.5635884296143,9,1
27.616056236485406,0,1
27.616056236485406,1,17
27.616056236485406,2,28
27.616056236485406,3,11
27.616056236485406,4,16
27.616056236485406,5,11
27.616056236485406,6,9
27.616056236485406,7,4
27.616056236485406,8,2
27.616056236485406,9,1
27.740465711976885,0,2
27.740465711976885,1,17
27.740465711976885,2,27
27.740465711976885,3,11
27.740465711976885,4,16
27.740465711976885,5,11
27.740465711976885,6,9
27.740465711976885,7,4
27.740465711976885,8,2
27.740465711976885,9,1
27.852296930407448,0,2
27.852296930407448,1,16
27.852296930407448,2,28
27.852296930407448,3,10
27.852296930407448,4,17
27.852296930407448,5,11
27.852296930407448,6,9
27.852296930407448,7,4
27.852296930407448,8,2
27.852296930407448,9,1
28.15527764418102,0,2
28.15527764418102,1,15
28.15527764418102,2,29
28.15527764418102,3,9
28.15527764418102,4,18
28.15527764418102,5,11
28.15527764418102,6,9
28.15527764418102,7,4
28.15527764418102,8,2
28.15527764418102,9,1
28.23420381995304,0,2
28.23420381995304,1,16
28.23420381995304,2,28
28.23420381995304,3,10
28.23420381995304,4,17
28.23420381995304,5,11
28.23420381995304,6,9
28.23420381995304,7,4
28.23420381995304,8,2
28.23420381995304,9,1
28.324570297722182,0,2
28.324570297722182,1,16
28.324570297722182,2,27
28.324570297722182,3,11
28.324570297722182,4,17
28.324570297722182,5,10
28.324570297722182,6,10
28.324570297722182,7,4
28.324570297722182,8,2
28.324570297722182,9,1
28.755012367603687,0,2
28.755012367603687,1,15
28.755012367603687,2,28
28.755012367603687,3,11
28.755012367603687,4,16
28.755012367603687,5,11
28.755012367603687,6,10
28.755012367603687,7,4
28.755012367603687,8,2
28.755012367603687,9,1
28.924698011475424,0,2
28.924698011475424,1,15
28.924698011475424,2,28
28.924698011475424,3,11
28.924698011475424,4,16
28.924698011475424,5,11
28.924698011475424,6,10
28.924698011475424,7,4
28.924698011475424,8,2
28.924698011475424,9,1
28.92802809395257,0,2
28.92802809395257,1,15
28.92802809395257,2,28
28.92802809395257,3,11
28.92802809395257,4,16
28.92802809395257,5,11
28.92802809395257,6,10
28.92802809395257,7,4
28.92802809395257,8,2
28.92802809395257,9,1
29.03867261796548,0,1
29.03867261796548,1,15
29.03867261796548,2,29
29.03867261796548,3,11
29.03867261796548,4,16
29.03867261796548,5,11
29.03867261796548,6,10
29.03867261796548,7,4
29.03867261796548,8,2
29.03867261796548,9,1
29.061407636955458,0,1
29.061407636955458,1,15
29.061407636955458,2,29
29.061407636955458,3,11
29.061407636955458,4,16
29.061407636955458,5,11
29.061407636955458,6,10
29.061407636955458,7,4
29.061407636955458,8,2
29.061407636955458,9,1
29.081814769030213,0,2
29.081814769030213,1,14
29.081814769030213,2,29
29.081814769030213,3,11
29.081814769030213,4,16
29.081814769030213,5,11
29.081814769030213,6,11
29.081814769030213,7,3
29.081814769030213,8,2
29.081814769030213,9,1
29.10422398049365,0,2
29.10422398049365,1,14
29.10422398049365,2,29
29.10422398049365,3,11
29.10422398049365,4,16
29.10422398049365,5,11
29.10422398049365,6,11
29.10422398049365,7,3
29.10422398049365,8,2
29.10422398049365,9,1
29.68865328001113,0,2
29.68865328001113,1,15
29.68865328001113,2,28
29.68865328001113,3,11
29.68865328001113,4,16
29.68865328001113,5,11
29.68865328001113,6,12
29.68865328001113,7,2
29.68865328001113,8,2
29.68865328001113,9,1
29.848420018825863,0,2
29.848420018825863,1,15
29.848420018825863,2,27
29.848420018825863,3,12
29.848420018825863,4,16
29.848420018825863,5,10
29.848420018825863,6,13
29.848420018825863,7,2
29.848420018825863,8,2
29.848420018825863,9,1
29.97004331916992,0,2
29.97004331916992,1,15
29.97004331916992,2,27
29.97004331916992,3,12
29.97004331916992,4,16
29.97004331916992,5,10
29.97004331916992,6,13
29.97004331916992,7,2
29.97004331916992,8,2
29.97004331916992,9,1
29.989841760175896,0,1
29.989841760175896,1,16
29.989841760175896,2,27
29.989841760175896,3,11
29.989841760175896,4,17
29.989841760175896,5,10
29.989841760175896,6,13
29.989841760175896,7,2
29.989841760175896,8,2
29.989841760175896,9,1
29.992798257689007,0,1
29.992798257689007,1,16
29.992798257689007,2,27
29.992798257689007,3,11
29.992798257689007,4,17
29.992798257689007,5,10
29.992798257689007,6,13
29.992798257689007,7,2
29.992798257689007,8,2
29.992798257689007,9,1
30.0946116001053,0,1
30.0946116001053,1,17
30.0946116001053,2,27
30.0946116001053,3,10
30.0946116001053,4,17
30.0946116001053,5,10
30.0946116001053,6,13
30.0946116001053,7,2
30.0946116001053,8,2
30.0946116001053,9,1
30.298276854806417,0,1
30.298276854806417,1,17
30.298276854806417,2,26
30.298276854806417,3,11
30.298276854806417,4,17
30.298276854806417,5,9
30.298276854806417,6,14
30.298276854806417,7,2
30.298276854806417,8,2
30.298276854806417,9,1
30.423858800904735,0,2
30.423858800904735,1,16
30.423858800904735,2,26
30.423858800904735,3,11
30.423858800904735,4,17
30.423858800904735,5,10
30.423858800904735,6,13
30.423858800904735,7,2
30.423858800904735,8,2
30.423858800904735,9,1
30.593909508084966,0,2
30.593909508084966,1,16
30.593909508084966,2,27
30.593909508084966,3,10
30.593909508084966,4,17
30.593909508084966,5,11
30.593909508084966,6,12
30.593909508084966,7,2
30.593909508084966,8,2
30.593909508084966,9,1
30.68924481213247,0,2
30.68924481213247,1,16
30.68924481213247,2,27
30.68924481213247,3,10
30.68924481213247,4,17
30.68924481213247,5,11
30.68924481213247,6,12
30.68924481213247,7,2
30.68924481213247,8,2
30.68924481213247,9,1
31.1952888303393,0,2
31.1952888303393,1,16
31.1952888303393,2,27
31.1952888303393,3,10
31.1952888303393,4,17
31.1952888303393,5,11
31.1952888303393,6,12
31.1952888303393,7,2
31.1952888303393,8,2
31.1952888303393,9,1
31.282566564171315,0,3
31.282566564171315,1,15
31.282566564171315,2,27
31.282566564171315,3,11
31.282566564171315,4,16
31.282566564171315,5,11
31.282566564171315,6,12
31.282566564171315,7,2
31.282566564171315,8,2
31.282566564171315,9,1
31.389675785729693,0,2
31.389675785729693,1,16
31.389675785729693,2,27
31.389675785729693,3,11
31.389675785729693,4,16
31.389675785729693,5,10
31.389675785729693,6,13
31.389675785729693,7,2
31.389675785729693,8,2
31.389675785729693,9,1
31.6270939394994,0,3
31.6270939394994,1,15
31.6270939394994,2,27
31.6270939394994,3,11
31.6270939394994,4,16
31.6270939394994,5,11
31.6270939394994,6,12
31.6270939394994,7,2
31.6270939394994,8,2
31.6270939394994,9,1
31.839338802256528,0,2
31.839338802256528,1,16
31.839338802256528,2,26
31.839338802256528,3,12
31.839338802256528,4,16
31.839338802256528,5,11
31.839338802256528,6,12
31.839338802256528,7,2
31.839338802256528,8,2
31.839338802256528,9,1
31.858243015640134,0,2
31.858243015640134,1,16
31.858243015640134,2,26
31.858243015640134,3,12
31.858243015640134,4,16
31.858243015640134,5,11
31.858243015640134,6,12
31.858243015640134,7,2
31.858243015640134,8,2
31.858243015640134,9,1
31.94077558677023,0,2
31.94077558677023,1,16
31.94077558677023,2,26
31.94077558677023,3,12
31.94077558677023,4,16
31.94077558677023,5,9
31.94077558677023,6,14
31.94077558677023,7,2
31.94077558677023,8,2
31.94077558677023,9,1
32.010118055654814,0,2
32.010118055654814,1,15
32.010118055654814,2,27
32.010118055654814,3,12
32.010118055654814,4,16
32.010118055654814,5,9
32.010118055654814,6,13
32.010118055654814,7,3
32.010118055654814,8,2
32.010118055654814,9,1
32.648334831073186,0,2
32.648334831073186,1,15
32.648334831073186,2,27
32.648334831073186,3,12
32.648334831073186,4,16
32.648334831073186,5,9
32.648334831073186,6,13
32.648334831073186,7,3
32.648334831073186,8,2
32.648334831073186,9,1
32.77997802599332,0,2
32.77997802599332,1,14
32.77997802599332,2,28
32.77997802599332,3,12
32.77997802599332,4,16
32.77997802599332,5,9
32.77997802599332,6,12
32.77997802599332,7,4
32.77997802599332,8,2
32.77997802599332,9,1
32.89258631342394,0,2
32.89258631342394,1,14
32.89258631342394,2,27
32.89258631342394,3,12
32.89258631342394,4,17
32.89258631342394,5,9
32.89258631342394,6,12
32.89258631342394,7,4
32.89258631342394,8,2
32.89258631342394,9,1
32.90583749126556,0,2
32.90583749126556,1,14
32.90583749126556,2,27
32.90583749126556,3,12
32.90583749126556,4,17
32.90583749126556,5,9
32.90583749126556,6,12
32.90583749126556,7,4
32.90583749126556,8,2
32.90583749126556,9,1
32.99330903985194,0,3
32.99330903985194,1,13
32.99330903985194,2,27
32.99330903985194,3,12
32.99330903985194,4,17
32.99330903985194,5,10
32.99330903985194,6,11
32.99330903985194,7,4
32.99330903985194,8,2
32.99330903985194,9,1
33.04077650923899,0,3
33.04077650923899,1,13
33.04077650923899,2,27
33.04077650923899,3,12
33.04077650923899,4,17
33.04077650923899,5,10
33.04077650923899,6,11
33.04077650923899,7,4
33.04077650923899,8,2
33.04077650923899,9,1
33.44183363649773,0,2
33.44183363649773,1,14
33.44183363649773,2,26
33.44183363649773,3,13
33.44183363649773,4,17
33.44183363649773,5,10
33.44183363649773,6,11
33.44183363649773,7,4
33.44183363649773,8,2
33.44183363649773,9,1
33.58031861768242,0,2
33.58031861768242,1,14
33.58031861768242,2,26
33.58031861768242,3,13
33.58031861768242,4,17
33.58031861768242,5,10
33.58031861768242,6,11
33.58031861768242,7,4
33.58031861768242,8,2
33.58031861768242,9,1
34.23026319829329,0,2
34.23026319829329,1,14
34.23026319829329,2,26
34.23026319829329,3,13
34.23026319829329,4,17
34.23026319829329,5,9
34.23026319829329,6,11
34.23026319829329,7,5
34.23026319829329,8,2
34.23026319829329,9,1
34.50800469727984,0,2
34.50800469727984,1,15
34.50800469727984,2,25
34.50800469727984,3,13
34.50800469727984,4,17
34.50800469727984,5,10
34.50800469727984,6,10
34.50800469727984,7,5
34.50800469727984,8,2
34.50800469727984,9,1
34.67179209334499,0,2
34.67179209334499,1,14
34.67179209334499,2,25
34.67179209334499,3,14
34.67179209334499,4,17
34.67179209334499,5,10
34.67179209334499,6,10
34.67179209334499,7,5
34.67179209334499,8,2
34.67179209334499,9,1
34.891268077222065,0,2
34.891268077222065,1,14
34.891268077222065,2,25
34.891268077222065,3,14
34.891268077222065,4,17
34.891268077222065,5,10
34.891268077222065,6,10
34.891268077222065,7,5
34.891268077222065,8,2
34.891268077222065,9,1
34.921108848428865,0,3
34.921108848428865,1,13
34.921108848428865,2,25
34.921108848428865,3,14
34.921108848428865,4,17
34.921108848428865,5,11
34.921108848428865,6,9
34.921108848428865,7,5
34.921108848428865,8,2
34.921108848428865,9,1
35.02480944371233,0,3
35.02480944371233,1,14
35.02480944371233,2,24
35.02480944371233,3,14
35.02480944371233,4,17
35.02480944371233,5,11
35.02480944371233,6,9
35.02480944371233,7,6
35.02480944371233,8,1
35.02480944371233,9,1
35.07690459493405,0,3
35.07690459493405,1,14
35.07690459493405,2,25
35.07690459493405,3,13
35.07690459493405,4,17
35.07690459493405,5,12
35.07690459493405,6,8
35.07690459493405,7,6
35.07690459493405,8,1
35.07690459493405,9,1
35.08128908435629,0,4
35.08128908435629,1,13
35.08128908435629,2,25
35.08128908435629,3,13
35.08128908435629,4,17
35.08128908435629,5,13
35.08128908435629,6,7
35.08128908435629,7,6
35.08128908435629,8,1
35.08128908435629,9,1
35.085358738953595,0,4
35.085358738953595,1,13
35.085358738953595,2,23
35.085358738953595,3,15
35.085358738953595,4,17
35.085358738953595,5,13
35.085358738953595,6,7
35.085358738953595,7,6
35.085358738953595,8,1
35.085358738953595,9,1
35.22791267062034,0,3
35.22791267062034,1,13
35.22791267062034,2,24
35.22791267062034,3,15
35.22791267062034,4,17
35.22791267062034,5,13
35.22791267062034,6,7
35.22791267062034,7,6
35.22791267062034,8,1
35.22791267062034,9,1
35.51119951713932,0,3
35.51119951713932,1,13
35.51119951713932,2,24
35.51119951713932,3,15
35.51119951713932,4,17
35.51119951713932,5,13
35.51119951713932,6,7
35.51119951713932,7,6
35.51119951713932,8,1
35.51119951713932,9,1
35.55723979326699,0,2
35.55723979326699,1,14
35.55723979326699,2,24
35.55723979326699,3,15
35.55723979326699,4,17
35.55723979326699,5,12
35.55723979326699,6,8
35.55723979326699,7,6
35.55723979326699,8,1
35.55723979326699,9,1
35.57227738532945,0,2
35.57227738532945,1,13
35.57227738532945,2,25
35.57227738532945,3,14
35.57227738532945,4,18
35.57227738532945,5,12
35.57227738532945,6,8
35.57227738532945,7,6
35.57227738532945,8,1
35.57227738532945,9,1
35.578458475400076,0,2
35.578458475400076,1,14
35.578458475400076,2,24
35.578458475400076,3,14
35.578458475400076,4,18
35.578458475400076,5,13
35.578458475400076,6,7
35.578458475400076,7,6
35.578458475400076,8,1
35.578458475400076,9,1
35.6682229306086,0,2
35.6682229306086,1,14
35.6682229306086,2,24
35.6682229306086,3,14
35.6682229306086,4,18
35.6682229306086,5,12
35.6682229306086,6,7
35.6682229306086,7,7
35.6682229306086,8,1
35.6682229306086,9,1
35.755320424479095,0,2
35.755320424479095,1,14
35.755320424479095,2,24
35.755320424479095,3,14
35.755320424479095,4,17
35.755320424479095,5,12
35.755320424479095,6,8
35.755320424479095,7,7
35.755320424479095,8,1
35.755320424479095,9,1
35.79748705871461,0,2
35.79748705871461,1,15
35.79748705871461,2,23
35.79748705871461,3,15
35.79748705871461,4,16
35.79748705871461,5,12
35.79748705871461,6,8
35.79748705871461,7,7
35.79748705871461,8,1
35.79748705871461,9,1
35.80364701425514,0,1
35.80364701425514,1,15
35.80364701425514,2,24
35.80364701425514,3,15
35.80364701425514,4,16
35.80364701425514,5,12
35.80364701425514,6,8
35.80364701425514,7,7
35.80364701425514,8,1
35.80364701425514,9,1
35.80589377959056,0,1
35.80589377959056,1,15
35.80589377959056,2,24
35.80589377959056,3,14
35.80589377959056,4,16
35.80589377959056,5,13
35.80589377959056,6,8
35.80589377959056,7,7
35.80589377959056,8,1
35.80589377959056,9,1
36.00139696507381,0,1
36.00139696507381,1,15
36.00139696507381,2,23
36.00139696507381,3,15
36.00139696507381,4,15
36.00139696507381,5,14
36.00139696507381,6,8
36.00139696507381,7,7
36.00139696507381,8,1
36.00139696507381,9,1
36.17705669785055,0,1
36.17705669785055,1,15
36.17705669785055,2,22
36.17705669785055,3,16
36.17705669785055,4,15
36.17705669785055,5,13
36.17705669785055,6,9
36.17705669785055,7,7
36.17705669785055,8,1
36.17705669785055,9,1
37.07002268798714,0,1
37.07002268798714,1,13
37.07002268798714,2,24
37.07002268798714,3,16
37.07002268798714,4,15
37.07002268798714,5,13
37.07002268798714,6,9
37.07002268798714,7,7
37.07002268798714,8,1
37.07002268798714,9,1
37.159730912738034,0,1
37.159730912738034,1,13
37.159730912738034,2,24
37.159730912738034,3,16
37.159730912738034,4,15
37.159730912738034,5,13
37.159730912738034,6,9
37.159730912738034,7,7
37.159730912738034,8,1
37.159730912738034,9,1
37.3177210670889,0,1
37.3177210670889,1,12
37.3177210670889,2,24
37.3177210670889,3,17
37.3177210670889,4,15
37.3177210670889,5,13
37.3177210670889,6,9
37.3177210670889,7,7
37.3177210670889,8,1
37.3177210670889,9,1
37.59483254376302,0,1
37.59483254376302,1,13
37.59483254376302,2,23
37.59483254376302,3,18
37.59483254376302,4,14
37.59483254376302,5,13
37.59483254376302,6,9
37.59483254376302,7,7
37.59483254376302,8,1
37.59483254376302,9,1
37.72107435730305,0,1
37.72107435730305,1,13
37.72107435730305,2,23
37.72107435730305,3,18
37.72107435730305,4,14
37.72107435730305,5,12
37.72107435730305,6,9
37.72107435730305,7,8
37.72107435730305,8,1
37.72107435730305,9,1
38.177308577691186,0,1
38.177308577691186,1,13
38.177308577691186,2,23
38.177308577691186,3,18
38.177308577691186,4,14
38.177308577691186,5,12
38.177308577691186,6,9
38.177308577691186,7,8
38.177308577691186,8,1
38.177308577691186,9,1
38.29858412632957,0,1
38.29858412632957,1,13
38.29858412632957,2,23
38.29858412632957,3,16
38.29858412632957,4,16
38.29858412632957,5,12
38.29858412632957,6,9
38.29858412632957,7,8
38.29858412632957,8,1
38.29858412632957,9,1
39.126068187744096,0,1
39.126068187744096,1,13
39.126068187744096,2,22
39.126068187744096,3,17
39.126068187744096,4,16
39.126068187744096,5,11
39.126068187744096,6,10
39.126068187744096,7,8
39.126068187744096,8,1
39.126068187744096,9,1
39.33404272543863,0,1
39.33404272543863,1,13
39.33404272543863,2,22
39.33404272543863,3,18
39.33404272543863,4,16
39.33404272543863,5,10
39.33404272543863,6,10
39.33404272543863,7,8
39.33404272543863,8,1
39.33404272543863,9,1
39.45764101506093,0,1
39.45764101506093,1,13
39.45764101506093,2,22
39.45764101506093,3,18
39.45764101506093,4,16
39.45764101506093,5,10
39.45764101506093,6,10
39.45764101506093,7,8
39.45764101506093,8,1
39.45764101506093,9,1
39.48633874254612,0,1
39.48633874254612,1,13
39.48633874254612,2,22
39.48633874254612,3,18
39.48633874254612,4,16
39.48633874254612,5,10
39.48633874254612,6,9
39.48633874254612,7,8
39.48633874254612,8,2
39.48633874254612,9,1
39.62943612507865,0,1
39.62943612507865,1,13
39.62943612507865,2,21
39.62943612507865,3,19
39.62943612507865,4,16
39.62943612507865,5,10
39.62943612507865,6,9
39.62943612507865,7,7
39.62943612507865,8,3
39.62943612507865,9,1
39.65572681387077,0,1
39.65572681387077,1,13
39.65572681387077,2,21
39.65572681387077,3,19
39.65572681387077,4,16
39.65572681387077,5,10
39.65572681387077,6,9
39.65572681387077,7,7
39.65572681387077,8,3
39.65572681387077,9,1
39.73162296239715,0,1
39.73162296239715,1,13
39.73162296239715,2,21
39.73162296239715,3,19
39.73162296239715,4,16
39.73162296239715,5,10
39.73162296239715,6,9
39.73162296239715,7,7
39.73162296239715,8,3
39.73162296239715,9,1
40.06697081863959,0,1
40.06697081863959,1,12
40.06697081863959,2,22
40.06697081863959,3,19
40.06697081863959,4,16
40.06697081863959,5,10
40.06697081863959,6,9
40.06697081863959,7,7
40.06697081863959,8,3
40.06697081863959,10,1
40.14737562473402,0,1
40.14737562473402,1,12
40.14737562473402,2,23
40.14737562473402,3,18
40.14737562473402,4,16
40.14737562473402,5,11
40.14737562473402,6,8
40.14737562473402,7,7
40.14737562473402,8,3
40.14737562473402,10,1
40.197400567649304,0,1
40.197400567649304,1,12
40.197400567649304,2,23
40.197400567649304,3,18
40.197400567649304,4,16
40.197400567649304,5,10
40.197400567649304,6,9
40.197400567649304,7,7
40.197400567649304,8,2
40.197400567649304,9,1
40.197400567649304,10,1
40.54506664577314,0,1
40.54506664577314,1,12
40.54506664577314,2,23
40.54506664577314,3,18
40.54506664577314,4,16
40.54506664577314,5,10
40.54506664577314,6,9
40.54506664577314,7,7
40.54506664577314,8,2
40.54506664577314,9,1
40.54506664577314,10,1
40.75600238951382,0,2
40.75600238951382,1,11
40.75600238951382,2,23
40.75600238951382,3,19
40.75600238951382,4,15
40.75600238951382,5,10
40.75600238951382,6,9
40.75600238951382,7,7
40.75600238951382,8,2
40.75600238951382,9,1
40.75600238951382,10,1
40.77009845576448,0,1
40.77009845576448,1,12
40.77009845576448,2,23
40.77009845576448,3,18
40.77009845576448,4,16
40.77009845576448,5,10
40.77009845576448,6,9
40.77009845576448,7,7
40.77009845576448,8,2
40.77009845576448,9,1
40.77009845576448,10,1
40.91457179279441,0,1
40.91457179279441,1,12
40.91457179279441,2,23
40.91457179279441,3,18
40.91457179279441,4,16
40.91457179279441,5,10
40.91457179279441,6,9
40.91457179279441,7,7
40.91457179279441,8,2
40.91457179279441,9,1
40.91457179279441,10,1
40.973297549953934,0,1
40.973297549953934,1,12
40.973297549953934,2,23
40.973297549953934,3,18
40.973297549953934,4,16
40.973297549953934,5,10
40.973297549953934,6,9
40.973297549953934,7,7
40.973297549953934,8,2
40.973297549953934,9,1
40.973297549953934,10,1
41.441520300102816,0,1
41.441520300102816,1,12
41.441520300102816,2,23
41.441520300102816,3,18
41.441520300102816,4,16
41.441520300102816,5,9
41.441520300102816,6,10
41.441520300102816,7,6
41.441520300102816,8,3
41.441520300102816,9,1
41.441520300102816,10,1
41.72729849029906,0,1
41.72729849029906,1,12
41.72729849029906,2,23
41.72729849029906,3,18
41.72729849029906,4,15
41.72729849029906,5,10
41.72729849029906,6,9
41.72729849029906,7,7
41.72729849029906,8,3
41.72729849029906,9,1
41.72729849029906,10,1
42.22333596811994,0,1
42.22333596811994,1,11
42.22333596811994,2,24
42.22333596811994,3,18
42.22333596811994,4,15
42.22333596811994,5,10
42.22333596811994,6,8
42.22333596811994,7,8
42.22333596811994,8,3
42.22333596811994,9,1
42.22333596811994,10,1
42.52674322660522,0,1
42.52674322660522,1,11
42.52674322660522,2,23
42.52674322660522,3,19
42.52674322660522,4,15
42.52674322660522,5,10
42.52674322660522,6,8
42.52674322660522,7,8
42.52674322660522,8,2
42.52674322660522,9,2
42.52674322660522,10,1
42.759164257214856,0,1
42.759164257214856,1,10
42.759164257214856,2,24
42.759164257214856,3,18
42.759164257214856,4,16
42.759164257214856,5,10
42.759164257214856,6,8
42.759164257214856,7,8
42.759164257214856,8,2
42.759164257214856,9,2
42.759164257214856,10,1
42.8382924344791,0,1
42.8382924344791,1,10
42.8382924344791,2,24
42.8382924344791,3,18
42.8382924344791,4,16
42.8382924344791,5,10
42.8382924344791,6,8
42.8382924344791,7,8
42.8382924344791,8,2
42.8382924344791,9,2
42.8382924344791,10,1
42.88976752091537,0,1
42.88976752091537,1,10
42.88976752091537,2,24
42.88976752091537,3,18
42.88976752091537,4,16
42.88976752091537,5,10
42.88976752091537,6,8
42.88976752091537,7,8
42.88976752091537,8,2
42.88976752091537,9,2
42.88976752091537,10,1
43.00162785958436,0,1
43.00162785958436,1,10
43.00162785958436,2,23
43.00162785958436,3,19
43.00162785958436,4,15
43.00162785958436,5,11
43.00162785958436,6,8
43.00162785958436,7,8
43.00162785958436,8,2
43.00162785958436,9,2
43.00162785958436,10,1
44.0164559166526,0,1
44.0164559166526,1,10
44.0164559166526,2,23
44.0164559166526,3,19
44.0164559166526,4,15
44.0164559166526,5,11
44.0164559166526,6,8
44.0164559166526,7,8
44.0164559166526,8,2
44.0164559166526,9,2
44.0164559166526,10,1
44.02263410204869,0,1
44.02263410204869,1,10
44.02263410204869,2,25
44.02263410204869,3,17
44.02263410204869,4,15
44.02263410204869,5,11
44.02263410204869,6,8
44.02263410204869,7,8
44.02263410204869,8,2
44.02263410204869,9,2
44.02263410204869,10,1
44.11927775355138,0,1
44.11927775355138,1,10
44.11927775355138,2,24
44.11927775355138,3,18
44.11927775355138,4,15
44.11927775355138,5,11
44.11927775355138,6,8
44.11927775355138,7,7
44.11927775355138,8,3
44.11927775355138,9,2
44.11927775355138,10,1
44.242907269907285,0,1
44.242907269907285,1,10
44.242907269907285,2,25
44.242907269907285,3,17
44.242907269907285,4,15
44.242907269907285,5,11
44.242907269907285,6,9
44.242907269907285,7,6
44.242907269907285,8,3
44.242907269907285,9,2
44.242907269907285,10,1
44.27293185592408,0,1
44.27293185592408,1,10
44.27293185592408,2,24
44.27293185592408,3,18
44.27293185592408,4,15
44.27293185592408,5,11
44.27293185592408,6,9
44.27293185592408,7,5
44.27293185592408,8,4
44.27293185592408,9,2
44.27293185592408,10,1
44.32485419767043,0,1
44.32485419767043,1,11
44.32485419767043,2,23
44.32485419767043,3,18
44.32485419767043,4,15
44.32485419767043,5,11
44.32485419767043,6,10
44.32485419767043,7,4
44.32485419767043,8,4
44.32485419767043,9,2
44.32485419767043,10,1
44.810907765939966,0,1
44.810907765939966,1,10
44.810907765939966,2,24
44.810907765939966,3,17
44.810907765939966,4,16
44.810907765939966,5,11
44.810907765939966,6,10
44.810907765939966,7,4
44.810907765939966,8,4
44.810907765939966,9,2
44.810907765939966,10,1
44.919298320991494,0,1
44.919298320991494,1,10
44.919298320991494,2,25
44.919298320991494,3,16
44.919298320991494,4,16
44.919298320991494,5,12
44.919298320991494,6,9
44.919298320991494,7,4
44.919298320991494,8,4
44.919298320991494,9,2
44.919298320991494,10,1
44.933423126453555,0,1
44.933423126453555,1,10
44.933423126453555,2,25
44.933423126453555,3,16
44.933423126453555,4,16
44.933423126453555,5,12
44.933423126453555,6,9
44.933423126453555,7,3
44.933423126453555,8,4
44.933423126453555,9,3
44.933423126453555,10,1
44.965434331635805,0,1
44.965434331635805,1,10
44.965434331635805,2,24
44.965434331635805,3,17
44.965434331635805,4,16
44.965434331635805,5,12
44.965434331635805,6,8
44.965434331635805,7,4
44.965434331635805,8,4
44.965434331635805,9,3
44.965434331635805,10,1
45.17160868056615,0,1
45.17160868056615,1,10
45.17160868056615,2,25
45.17160868056615,3,16
45.17160868056615,4,16
45.17160868056615,5,12
45.17160868056615,6,8
45.17160868056615,7,4
45.17160868056615,8,5
45.17160868056615,9,2
45.17160868056615,10,1
45.49591211794889,0,1
45.49591211794889,1,11
45.49591211794889,2,24
45.49591211794889,3,17
45.49591211794889,4,15
45.49591211794889,5,12
45.49591211794889,6,8
45.49591211794889,7,4
45.49591211794889,8,5
45.49591211794889,9,2
45.49591211794889,10,1
45.70943454478079,0,1
45.70943454478079,1,11
45.70943454478079,2,24
45.70943454478079,3,17
45.70943454478079,4,14
45.70943454478079,5,13
45.70943454478079,6,7
45.70943454478079,7,5
45.70943454478079,8,5
45.70943454478079,9,2
45.70943454478079,10,1
46.21145831661541,0,1
46.21145831661541,1,12
46.21145831661541,2,23
46.21145831661541,3,17
46.21145831661541,4,14
46.21145831661541,5,13
46.21145831661541,6,7
46.21145831661541,7,5
46.21145831661541,8,5
46.21145831661541,9,3
46.36100700696974,0,2
46.36100700696974,1,11
46.36100700696974,2,23
46.36100700696974,3,17
46.36100700696974,4,14
46.36100700696974,5,13
46.36100700696974,6,8
46.36100700696974,7,4
46.36100700696974,8,5
46.36100700696974,9,3
46.41998710868859,0,2
46.41998710868859,1,12
46.41998710868859,2,22
46.41998710868859,3,18
46.41998710868859,4,13
46.41998710868859,5,13
46.41998710868859,6,8
46.41998710868859,7,4
46.41998710868859,8,5
46.41998710868859,9,3
46.44093941564262,0,2
46.44093941564262,1,12
46.44093941564262,2,23
46.44093941564262,3,18
46.44093941564262,4,12
46.44093941564262,5,13
46.44093941564262,6,8
46.44093941564262,7,4
46.44093941564262,8,5
46.44093941564262,9,3
46.77251351835826,0,2
46.77251351835826,1,12
46.77251351835826,2,24
46.77251351835826,3,17
46.77251351835826,4,13
46.77251351835826,5,12
46.77251351835826,6,8
46.77251351835826,7,4
46.77251351835826,8,5
46.77251351835826,9,3
47.22620336371394,0,1
47.22620336371394,1,12
47.22620336371394,2,25
47.22620336371394,3,17
47.22620336371394,4,13
47.22620336371394,5,12
47.22620336371394,6,8
47.22620336371394,7,4
47.22620336371394,8,5
47.22620336371394,9,3
47.31585121375448,0,1
47.31585121375448,1,12
47.31585121375448,2,24
47.31585121375448,3,18
47.31585121375448,4,12
47.31585121375448,5,13
47.31585121375448,6,8
47.31585121375448,7,4
47.31585121375448,8,5
47.31585121375448,9,3
47.723855655704156,0,2
47.723855655704156,1,11
47.723855655704156,2,24
47.723855655704156,3,19
47.723855655704156,4,11
47.723855655704156,5,13
47.723855655704156,6,8
47.723855655704156,7,4
47.723855655704156,8,5
47.723855655704156,9,3
47.82419345880597,0,2
47.82419345880597,1,11
47.82419345880597,2,24
47.82419345880597,3,18
47.82419345880597,4,11
47.82419345880597,5,14
47.82419345880597,6,8
47.82419345880597,7,4
47.82419345880597,8,5
47.82419345880597,9,3
48.08685896742518,0,2
48.08685896742518,1,11
48.08685896742518,2,22
48.08685896742518,3,20
48.08685896742518,4,11
48.08685896742518,5,14
48.08685896742518,6,8
48.08685896742518,7,4
48.08685896742518,8,5
48.08685896742518,9,3
48.17571613537458,0,1
48.17571613537458,1,11
48.17571613537458,2,23
48.17571613537458,3,20
48.17571613537458,4,11
48.17571613537458,5,14
48.17571613537458,6,8
48.17571613537458,7,4
48.17571613537458,8,5
48.17571613537458,9,3
48.36097744814441,0,1
48.36097744814441,1,11
48.36097744814441,2,22
48.36097744814441,3,21
48.36097744814441,4,11
48.36097744814441,5,14
48.36097744814441,6,8
48.36097744814441,7,4
48.36097744814441,8,4
48.36097744814441,9,4
48.403428416294396,0,1
48.403428416294396,1,11
48.403428416294396,2,22
48.403428416294396,3,20
48.403428416294396,4,11
48.403428416294396,5,15
48.403428416294396,6,8
48.403428416294396,7,4
48.403428416294396,8,4
48.403428416294396,9,4
48.443548974598876,0,1
48.443548974598876,1,10
48.443548974598876,2,23
48.443548974598876,3,20
48.443548974598876,4,11
48.443548974598876,5,15
48.443548974598876,6,8
48.443548974598876,7,3
48.443548974598876,8,5
48.443548974598876,9,4
48.600388291038065,0,1
48.600388291038065,1,9
48.600388291038065,2,24
48.600388291038065,3,20
48.600388291038065,4,11
48.600388291038065,5,14
48.600388291038065,6,9
48.600388291038065,7,3
48.600388291038065,8,5
48.600388291038065,9,4
48.71192254059489,0,1
48.71192254059489,1,9
48.71192254059489,2,24
48.71192254059489,3,19
48.71192254059489,4,11
48.71192254059489,5,15
48.71192254059489,6,9
48.71192254059489,7,3
48.71192254059489,8,5
48.71192254059489,9,4
48.87740966746015,0,2
48.87740966746015,1,8
48.87740966746015,2,24
48.87740966746015,3,19
48.87740966746015,4,11
48.87740966746015,5,16
48.87740966746015,6,8
48.87740966746015,7,3
48.87740966746015,8,5
48.87740966746015,9,4
48.90523129298427,0,2
48.90523129298427,1,8
48.90523129298427,2,24
48.90523129298427,3,19
48.90523129298427,4,11
48.90523129298427,5,16
48.90523129298427,6,8
48.90523129298427,7,3
48.90523129298427,8,5
48.90523129298427,9,4
49.709383231885944,0,2
49.709383231885944,1,10
49.709383231885944,2,22
49.709383231885944,3,19
49.709383231885944,4,11
49.709383231885944,5,16
49.709383231885944,6,8
49.709383231885944,7,3
49.709383231885944,8,5
49.709383231885944,9,4
49.87625255645555,0,2
49.87625255645555,1,10
49.87625255645555,2,22
49.87625255645555,3,18
49.87625255645555,4,12
49.87625255645555,5,16
49.87625255645555,6,8
49.87625255645555,7,3
49.87625255645555,8,4
49.87625255645555,9,5
49.87684634427676,0,1
49.87684634427676,1,11
49.87684634427676,2,22
49.87684634427676,3,18
49.87684634427676,4,12
49.87684634427676,5,15
49.87684634427676,6,9
49.87684634427676,7,3
49.87684634427676,8,4
49.87684634427676,9,5
49.906178571288514,0,1
49.906178571288514,1,10
49.906178571288514,2,23
49.906178571288514,3,18
49.906178571288514,4,11
49.906178571288514,5,16
49.906178571288514,6,9
49.906178571288514,7,3
49.906178571288514,8,4
49.906178571288514,9,5
49.917568497995624,0,1
49.917568497995624,1,10
49.917568497995624,2,23
49.917568497995624,3,18
49.917568497995624,4,11
49.917568497995624,5,15
49.917568497995624,6,10
49.917568497995624,7,3
49.917568497995624,8,3
49.917568497995624,9,6
50.23994757485667,0,1
50.23994757485667,1,10
50.23994757485667,2,24
50.23994757485667,3,18
50.23994757485667,4,10
50.23994757485667,5,15
50.23994757485667,6,10
50.23994757485667,7,3
50.23994757485667,8,3
50.23994757485667,9,6
